probe_id,loading,abs_loading,gene_title,gene_symbol,gene_id,go_process,go_function
201531_PM_at,-0.05034091771293494,0.05034091771293494,ZFP36 ring finger protein,ZFP36,7538,"3'-UTR-mediated mRNA destabilization///3'-UTR-mediated mRNA destabilization///3'-UTR-mediated mRNA stabilization///MAPK cascade///cellular response to epidermal growth factor stimulus///cellular response to fibroblast growth factor stimulus///cellular response to glucocorticoid stimulus///cellular response to granulocyte macrophage colony-stimulating factor stimulus///cellular response to lipopolysaccharide///cellular response to tumor necrosis factor///mRNA catabolic process///mRNA transport///miRNA mediated inhibition of translation///negative regulation of erythrocyte differentiation///negative regulation of transcription from RNA polymerase II promoter///nuclear-transcribed mRNA catabolic process, deadenylation-dependent decay///nuclear-transcribed mRNA catabolic process, deadenylation-independent decay///nuclear-transcribed mRNA poly(A) tail shortening///p38MAPK cascade///positive regulation of fat cell differentiation///positive regulation of intracellular mRNA localization///positive regulation of nuclear-transcribed mRNA catabolic process, deadenylation-dependent decay///positive regulation of nuclear-transcribed mRNA catabolic process, deadenylation-dependent decay///positive regulation of nuclear-transcribed mRNA poly(A) tail shortening///regulation of keratinocyte apoptotic process///regulation of keratinocyte differentiation///regulation of keratinocyte proliferation///regulation of mRNA stability///regulation of mRNA stability///regulation of tumor necrosis factor production///response to starvation///response to wounding///response to wounding",14-3-3 protein binding///AU-rich element binding///AU-rich element binding///C-C chemokine binding///DNA binding///enzyme binding///mRNA 3'-UTR AU-rich region binding///mRNA 3'-UTR binding///mRNA binding///metal ion binding///poly(A) RNA binding///protein binding///protein kinase binding///single-stranded RNA binding
216841_PM_s_at,-0.05020166807777602,0.05020166807777602,"superoxide dismutase 2, mitochondrial",SOD2,6648,age-dependent response to reactive oxygen species///negative regulation of cell proliferation///negative regulation of neuron apoptotic process///negative regulation of oxidative stress-induced intrinsic apoptotic signaling pathway///oxidation-reduction process///oxygen homeostasis///protein homotetramerization///regulation of blood pressure///regulation of transcription from RNA polymerase II promoter///release of cytochrome c from mitochondria///removal of superoxide radicals///response to reactive oxygen species///response to superoxide///superoxide metabolic process///vasodilation by acetylcholine involved in regulation of systemic arterial blood pressure,identical protein binding///manganese ion binding///manganese ion binding///superoxide dismutase activity///superoxide dismutase activity
202638_PM_s_at,-0.05019513850283411,0.05019513850283411,intercellular adhesion molecule 1,ICAM1,3383,T cell activation via T cell receptor contact with antigen bound to MHC molecule on antigen presenting cell///T cell antigen processing and presentation///acute inflammatory response to antigenic stimulus///adhesion of symbiont to host///cell adhesion///cell adhesion mediated by integrin///cell aging///cellular response to alkaloid///cellular response to glucose stimulus///cellular response to hypoxia///cellular response to interleukin-1///cellular response to lipopolysaccharide///cellular response to nutrient levels///cellular response to tumor necrosis factor///establishment of Sertoli cell barrier///establishment of endothelial barrier///extracellular matrix organization///heterophilic cell-cell adhesion via plasma membrane cell adhesion molecules///interferon-gamma-mediated signaling pathway///leukocyte cell-cell adhesion///leukocyte migration///membrane to membrane docking///negative regulation of calcium ion transport///negative regulation of endothelial cell apoptotic process///negative regulation of extrinsic apoptotic signaling pathway via death domain receptors///ovarian follicle development///positive regulation of ERK1 and ERK2 cascade///positive regulation of GTPase activity///positive regulation of NF-kappaB transcription factor activity///positive regulation of actin filament polymerization///positive regulation of cellular extravasation///positive regulation of nitric oxide biosynthetic process///positive regulation of peptidyl-tyrosine phosphorylation///positive regulation of vasoconstriction///receptor-mediated virion attachment to host cell///regulation of cell adhesion///regulation of cell shape///regulation of immune response///regulation of leukocyte mediated cytotoxicity///regulation of ruffle assembly///response to amino acid///response to amphetamine///response to copper ion///response to drug///response to ethanol///response to gonadotropin///response to ionizing radiation///response to organic cyclic compound///response to sulfur dioxide///sensory perception of sound///viral entry into host cell,integrin binding///integrin binding///protein binding///receptor activity///transmembrane signaling receptor activity///virus receptor activity
218810_PM_at,-0.0499786794761926,0.0499786794761926,zinc finger CCCH-type containing 12A,ZC3H12A,80149,"3'-UTR-mediated mRNA destabilization///3'-UTR-mediated mRNA destabilization///RNA phosphodiester bond hydrolysis///RNA phosphodiester bond hydrolysis, endonucleolytic///RNA phosphodiester bond hydrolysis, exonucleolytic///angiogenesis///apoptotic process///cell differentiation///cellular response to DNA damage stimulus///cellular response to chemokine///cellular response to glucose starvation///cellular response to interleukin-1///cellular response to ionomycin///cellular response to lipopolysaccharide///cellular response to lipopolysaccharide///cellular response to oxidative stress///cellular response to phorbol 13-acetate 12-myristate///cellular response to sodium arsenite///cellular response to tumor necrosis factor///cellular response to virus///defense response to virus///inflammatory response///negative regulation by host of viral genome replication///negative regulation of I-kappaB kinase/NF-kappaB signaling///negative regulation of I-kappaB kinase/NF-kappaB signaling///negative regulation of NF-kappaB import into nucleus///negative regulation of NF-kappaB transcription factor activity///negative regulation of cardiac muscle contraction///negative regulation of cytokine production involved in inflammatory response///negative regulation of gene expression///negative regulation of interferon-gamma secretion///negative regulation of interleukin-1 beta secretion///negative regulation of interleukin-6 production///negative regulation of interleukin-6 secretion///negative regulation of macrophage activation///negative regulation of muscle cell apoptotic process///negative regulation of nitric oxide biosynthetic process///negative regulation of production of miRNAs involved in gene silencing by miRNA///negative regulation of protein phosphorylation///negative regulation of tumor necrosis factor production///negative regulation of tumor necrosis factor secretion///nervous system development///nuclear-transcribed mRNA catabolic process, endonucleolytic cleavage-dependent decay///positive regulation of angiogenesis///positive regulation of angiogenesis///positive regulation of autophagy///positive regulation of cell death///positive regulation of defense response to virus by host///positive regulation of endothelial cell migration///positive regulation of execution phase of apoptosis///positive regulation of fat cell differentiation///positive regulation of gene expression///positive regulation of lipid storage///positive regulation of mRNA catabolic process///positive regulation of mRNA catabolic process///positive regulation of miRNA catabolic process///positive regulation of p38MAPK cascade///positive regulation of protein deubiquitination///positive regulation of protein import into nucleus///positive regulation of reactive oxygen species metabolic process///positive regulation of transcription from RNA polymerase II promoter///protein deubiquitination///protein oligomerization///regulation of gene expression///transcription, DNA-templated",DNA binding///RNA binding///RNA stem-loop binding///chromatin binding///endoribonuclease activity///exoribonuclease activity///mRNA 3'-UTR AU-rich region binding///mRNA 3'-UTR binding///mRNA binding///metal ion binding///miRNA binding///protein binding///ribonuclease activity///ribosome binding///contributes_to thiol-dependent ubiquitin-specific protease activity
202924_PM_s_at,-0.04996634259211308,0.04996634259211308,PLAG1 like zinc finger 2,PLAGL2,5326,chylomicron assembly///lipid metabolic process///positive regulation of intrinsic apoptotic signaling pathway///positive regulation of protein targeting to mitochondrion///positive regulation of transcription from RNA polymerase II promoter///post-embryonic development///transcription from RNA polymerase II promoter,"metal ion binding///sequence-specific DNA binding///transcription factor activity, sequence-specific DNA binding///transcriptional activator activity, RNA polymerase II core promoter proximal region sequence-specific binding"
202637_PM_s_at,-0.04984251414281299,0.04984251414281299,intercellular adhesion molecule 1,ICAM1,3383,T cell activation via T cell receptor contact with antigen bound to MHC molecule on antigen presenting cell///T cell antigen processing and presentation///acute inflammatory response to antigenic stimulus///adhesion of symbiont to host///cell adhesion///cell adhesion mediated by integrin///cell aging///cellular response to alkaloid///cellular response to glucose stimulus///cellular response to hypoxia///cellular response to interleukin-1///cellular response to lipopolysaccharide///cellular response to nutrient levels///cellular response to tumor necrosis factor///establishment of Sertoli cell barrier///establishment of endothelial barrier///extracellular matrix organization///heterophilic cell-cell adhesion via plasma membrane cell adhesion molecules///interferon-gamma-mediated signaling pathway///leukocyte cell-cell adhesion///leukocyte migration///membrane to membrane docking///negative regulation of calcium ion transport///negative regulation of endothelial cell apoptotic process///negative regulation of extrinsic apoptotic signaling pathway via death domain receptors///ovarian follicle development///positive regulation of ERK1 and ERK2 cascade///positive regulation of GTPase activity///positive regulation of NF-kappaB transcription factor activity///positive regulation of actin filament polymerization///positive regulation of cellular extravasation///positive regulation of nitric oxide biosynthetic process///positive regulation of peptidyl-tyrosine phosphorylation///positive regulation of vasoconstriction///receptor-mediated virion attachment to host cell///regulation of cell adhesion///regulation of cell shape///regulation of immune response///regulation of leukocyte mediated cytotoxicity///regulation of ruffle assembly///response to amino acid///response to amphetamine///response to copper ion///response to drug///response to ethanol///response to gonadotropin///response to ionizing radiation///response to organic cyclic compound///response to sulfur dioxide///sensory perception of sound///viral entry into host cell,integrin binding///integrin binding///protein binding///receptor activity///transmembrane signaling receptor activity///virus receptor activity
241889_PM_at,-0.0498092635398459,0.0498092635398459,NFKB inhibitor delta,NFKBID,84807,inflammatory response///negative regulation of I-kappaB kinase/NF-kappaB signaling///negative regulation of NF-kappaB transcription factor activity///negative regulation of T cell differentiation in thymus///positive regulation of thymocyte apoptotic process///regulation of transcription from RNA polymerase II promoter,NF-kappaB binding///protein binding///transcription cofactor activity
37028_PM_at,-0.04966966925378096,0.04966966925378096,protein phosphatase 1 regulatory subunit 15A,PPP1R15A,23645,aging///apoptotic process///cell cycle arrest///cellular response to DNA damage stimulus///cellular response to UV///cellular response to antibiotic///cellular response to calcium ion starvation///cellular response to carbohydrate stimulus///cellular response to cordycepin///cellular response to desipramine///cellular response to drug///cellular response to gold(3+)///cellular response to methamphetamine hydrochloride///cellular response to methyl methanesulfonate///cellular response to oxygen-glucose deprivation///endoplasmic reticulum unfolded protein response///intrinsic apoptotic signaling pathway in response to endoplasmic reticulum stress///negative regulation of PERK-mediated unfolded protein response///negative regulation of cell death///negative regulation of cell proliferation///negative regulation of endoplasmic reticulum stress-induced eIF2 alpha phosphorylation///negative regulation of peptidyl-threonine phosphorylation///negative regulation of phosphoprotein phosphatase activity///negative regulation of protein dephosphorylation///negative regulation of protein processing///negative regulation of transcription from RNA polymerase II promoter in response to endoplasmic reticulum stress///peptidyl-serine dephosphorylation///positive regulation of apoptotic process///positive regulation of endoplasmic reticulum stress-induced eIF2 alpha dephosphorylation///positive regulation of endoplasmic reticulum stress-induced eIF2 alpha dephosphorylation///positive regulation of peptidyl-serine dephosphorylation///positive regulation of phosphoprotein phosphatase activity///positive regulation of protein phosphorylation///positive regulation of translational initiation in response to stress///protein localization to endoplasmic reticulum///regulation of angiogenesis///regulation of endoplasmic reticulum stress-induced eIF2 alpha phosphorylation///regulation of translational initiation by eIF2 alpha dephosphorylation///response to cocaine///response to endoplasmic reticulum stress///response to environmental enrichment///response to immobilization stress,protein binding///protein kinase binding///protein phosphatase 1 binding///protein phosphatase 1 binding///protein phosphatase type 1 activator activity///protein phosphatase type 1 regulator activity
205067_PM_at,-0.04964285966390073,0.04964285966390073,interleukin 1 beta,IL1B,3553,"MAPK cascade///activation of MAPK activity///aging///apoptotic process///cell-cell signaling///cellular response to antibiotic///cellular response to drug///cellular response to fatty acid///cellular response to glucose stimulus///cellular response to mechanical stimulus///cellular response to methotrexate///cellular response to organic cyclic compound///cellular response to organic substance///chronic inflammatory response to antigenic stimulus///cytokine-mediated signaling pathway///ectopic germ cell programmed cell death///embryo implantation///estrogen metabolic process///extrinsic apoptotic signaling pathway in absence of ligand///fever generation///glycoprotein metabolic process///hyaluronan biosynthetic process///inflammatory response///inflammatory response///interleukin-1 beta production///lipopolysaccharide-mediated signaling pathway///memory///monocyte aggregation///negative regulation of MAP kinase activity///negative regulation of adiponectin secretion///negative regulation of branching morphogenesis of a nerve///negative regulation of cell proliferation///negative regulation of extrinsic apoptotic signaling pathway in absence of ligand///negative regulation of glucose transport///negative regulation of glutamate secretion///negative regulation of insulin receptor signaling pathway///negative regulation of lipid catabolic process///negative regulation of lipid metabolic process///negative regulation of neural precursor cell proliferation///negative regulation of neuron differentiation///negative regulation of transcription from RNA polymerase II promoter///neutrophil chemotaxis///ovulation///pentacyclic triterpenoid metabolic process///polyketide metabolic process///positive regulation of ERK1 and ERK2 cascade///positive regulation of JNK cascade///positive regulation of JUN kinase activity///positive regulation of NF-kappaB import into nucleus///positive regulation of NF-kappaB transcription factor activity///positive regulation of T cell mediated immunity///positive regulation of T cell proliferation///positive regulation of angiogenesis///positive regulation of apoptotic process///positive regulation of astrocyte differentiation///positive regulation of calcidiol 1-monooxygenase activity///positive regulation of cell adhesion molecule production///positive regulation of cell division///positive regulation of chemokine biosynthetic process///positive regulation of cytosolic calcium ion concentration///positive regulation of fever generation///positive regulation of gene expression///positive regulation of granulocyte macrophage colony-stimulating factor production///positive regulation of heterotypic cell-cell adhesion///positive regulation of heterotypic cell-cell adhesion///positive regulation of histone acetylation///positive regulation of histone phosphorylation///positive regulation of immature T cell proliferation in thymus///positive regulation of interferon-gamma production///positive regulation of interleukin-2 biosynthetic process///positive regulation of interleukin-6 biosynthetic process///positive regulation of interleukin-6 production///positive regulation of interleukin-6 secretion///positive regulation of interleukin-8 production///positive regulation of lipid catabolic process///positive regulation of membrane protein ectodomain proteolysis///positive regulation of mitotic nuclear division///positive regulation of monocyte chemotactic protein-1 production///positive regulation of myosin light chain kinase activity///positive regulation of neutrophil chemotaxis///positive regulation of nitric oxide biosynthetic process///positive regulation of phagocytosis///positive regulation of prostaglandin secretion///positive regulation of protein export from nucleus///positive regulation of protein phosphorylation///positive regulation of protein phosphorylation///positive regulation of sequence-specific DNA binding transcription factor activity///positive regulation of transcription from RNA polymerase II promoter///positive regulation of transcription, DNA-templated///positive regulation of vascular endothelial growth factor production///positive regulation of vascular endothelial growth factor production///positive regulation of vascular endothelial growth factor receptor signaling pathway///protein kinase B signaling///purine nucleobase metabolic process///regulation of I-kappaB kinase/NF-kappaB signaling///regulation of establishment of endothelial barrier///regulation of insulin secretion///regulation of nitric-oxide synthase activity///response to ATP///response to L-ascorbic acid///response to dexamethasone///response to diuretic///response to estradiol///response to ethanol///response to gamma radiation///response to heat///response to hypoxia///response to morphine///response to ozone///response to peptide hormone///response to statin///response to stilbenoid///response to vitamin D///sequestering of triglyceride///signal transduction///smooth muscle adaptation///social behavior///wound healing",cytokine activity///cytokine activity///interleukin-1 receptor binding///interleukin-1 receptor binding///protein domain specific binding
220091_PM_at,-0.04960372014576107,0.04960372014576107,solute carrier family 2 member 6,SLC2A6,11182,glucose import///glucose transmembrane transport///proton transport,D-glucose transmembrane transporter activity///glucose transmembrane transporter activity///glucose transmembrane transporter activity///sugar:proton symporter activity
207075_PM_at,-0.04939509377420466,0.04939509377420466,NLR family pyrin domain containing 3,NLRP3,114548,"NLRP3 inflammasome complex assembly///activation of cysteine-type endopeptidase activity involved in apoptotic process///apoptotic process///cellular response to lipopolysaccharide///defense response///defense response to virus///detection of biotic stimulus///inflammatory response///innate immune response///interleukin-1 beta production///interleukin-1 secretion///interleukin-18 production///negative regulation of NF-kappaB import into nucleus///negative regulation of NF-kappaB transcription factor activity///negative regulation of acute inflammatory response///negative regulation of inflammatory response///negative regulation of interleukin-1 beta secretion///positive regulation of NF-kappaB transcription factor activity///positive regulation of T-helper 17 cell differentiation///positive regulation of T-helper 2 cell cytokine production///positive regulation of T-helper 2 cell differentiation///positive regulation of cysteine-type endopeptidase activity involved in apoptotic process///positive regulation of interleukin-1 beta secretion///positive regulation of interleukin-13 production///positive regulation of interleukin-4 production///positive regulation of interleukin-5 production///positive regulation of transcription from RNA polymerase II promoter///positive regulation of type 2 immune response///protein oligomerization///signal transduction///transcription, DNA-templated",ATP binding///peptidoglycan binding///protein binding///sequence-specific DNA binding///transcription factor binding
202014_PM_at,-0.04936819618738255,0.04936819618738255,protein phosphatase 1 regulatory subunit 15A,PPP1R15A,23645,aging///apoptotic process///cell cycle arrest///cellular response to DNA damage stimulus///cellular response to UV///cellular response to antibiotic///cellular response to calcium ion starvation///cellular response to carbohydrate stimulus///cellular response to cordycepin///cellular response to desipramine///cellular response to drug///cellular response to gold(3+)///cellular response to methamphetamine hydrochloride///cellular response to methyl methanesulfonate///cellular response to oxygen-glucose deprivation///endoplasmic reticulum unfolded protein response///intrinsic apoptotic signaling pathway in response to endoplasmic reticulum stress///negative regulation of PERK-mediated unfolded protein response///negative regulation of cell death///negative regulation of cell proliferation///negative regulation of endoplasmic reticulum stress-induced eIF2 alpha phosphorylation///negative regulation of peptidyl-threonine phosphorylation///negative regulation of phosphoprotein phosphatase activity///negative regulation of protein dephosphorylation///negative regulation of protein processing///negative regulation of transcription from RNA polymerase II promoter in response to endoplasmic reticulum stress///peptidyl-serine dephosphorylation///positive regulation of apoptotic process///positive regulation of endoplasmic reticulum stress-induced eIF2 alpha dephosphorylation///positive regulation of endoplasmic reticulum stress-induced eIF2 alpha dephosphorylation///positive regulation of peptidyl-serine dephosphorylation///positive regulation of phosphoprotein phosphatase activity///positive regulation of protein phosphorylation///positive regulation of translational initiation in response to stress///protein localization to endoplasmic reticulum///regulation of angiogenesis///regulation of endoplasmic reticulum stress-induced eIF2 alpha phosphorylation///regulation of translational initiation by eIF2 alpha dephosphorylation///response to cocaine///response to endoplasmic reticulum stress///response to environmental enrichment///response to immobilization stress,protein binding///protein kinase binding///protein phosphatase 1 binding///protein phosphatase 1 binding///protein phosphatase type 1 activator activity///protein phosphatase type 1 regulator activity
213038_PM_at,-0.04934852166312012,0.04934852166312012,ring finger protein 19B,RNF19B,127544,adaptive immune response///positive regulation of proteasomal ubiquitin-dependent protein catabolic process///protein polyubiquitination///protein polyubiquitination///protein ubiquitination involved in ubiquitin-dependent protein catabolic process,ligase activity///protein binding///ubiquitin conjugating enzyme binding///ubiquitin protein ligase activity///ubiquitin-protein transferase activity///ubiquitin-protein transferase activity///zinc ion binding
39402_PM_at,-0.04920514416867036,0.04920514416867036,interleukin 1 beta,IL1B,3553,"MAPK cascade///activation of MAPK activity///aging///apoptotic process///cell-cell signaling///cellular response to antibiotic///cellular response to drug///cellular response to fatty acid///cellular response to glucose stimulus///cellular response to mechanical stimulus///cellular response to methotrexate///cellular response to organic cyclic compound///cellular response to organic substance///chronic inflammatory response to antigenic stimulus///cytokine-mediated signaling pathway///ectopic germ cell programmed cell death///embryo implantation///estrogen metabolic process///extrinsic apoptotic signaling pathway in absence of ligand///fever generation///glycoprotein metabolic process///hyaluronan biosynthetic process///inflammatory response///inflammatory response///interleukin-1 beta production///lipopolysaccharide-mediated signaling pathway///memory///monocyte aggregation///negative regulation of MAP kinase activity///negative regulation of adiponectin secretion///negative regulation of branching morphogenesis of a nerve///negative regulation of cell proliferation///negative regulation of extrinsic apoptotic signaling pathway in absence of ligand///negative regulation of glucose transport///negative regulation of glutamate secretion///negative regulation of insulin receptor signaling pathway///negative regulation of lipid catabolic process///negative regulation of lipid metabolic process///negative regulation of neural precursor cell proliferation///negative regulation of neuron differentiation///negative regulation of transcription from RNA polymerase II promoter///neutrophil chemotaxis///ovulation///pentacyclic triterpenoid metabolic process///polyketide metabolic process///positive regulation of ERK1 and ERK2 cascade///positive regulation of JNK cascade///positive regulation of JUN kinase activity///positive regulation of NF-kappaB import into nucleus///positive regulation of NF-kappaB transcription factor activity///positive regulation of T cell mediated immunity///positive regulation of T cell proliferation///positive regulation of angiogenesis///positive regulation of apoptotic process///positive regulation of astrocyte differentiation///positive regulation of calcidiol 1-monooxygenase activity///positive regulation of cell adhesion molecule production///positive regulation of cell division///positive regulation of chemokine biosynthetic process///positive regulation of cytosolic calcium ion concentration///positive regulation of fever generation///positive regulation of gene expression///positive regulation of granulocyte macrophage colony-stimulating factor production///positive regulation of heterotypic cell-cell adhesion///positive regulation of heterotypic cell-cell adhesion///positive regulation of histone acetylation///positive regulation of histone phosphorylation///positive regulation of immature T cell proliferation in thymus///positive regulation of interferon-gamma production///positive regulation of interleukin-2 biosynthetic process///positive regulation of interleukin-6 biosynthetic process///positive regulation of interleukin-6 production///positive regulation of interleukin-6 secretion///positive regulation of interleukin-8 production///positive regulation of lipid catabolic process///positive regulation of membrane protein ectodomain proteolysis///positive regulation of mitotic nuclear division///positive regulation of monocyte chemotactic protein-1 production///positive regulation of myosin light chain kinase activity///positive regulation of neutrophil chemotaxis///positive regulation of nitric oxide biosynthetic process///positive regulation of phagocytosis///positive regulation of prostaglandin secretion///positive regulation of protein export from nucleus///positive regulation of protein phosphorylation///positive regulation of protein phosphorylation///positive regulation of sequence-specific DNA binding transcription factor activity///positive regulation of transcription from RNA polymerase II promoter///positive regulation of transcription, DNA-templated///positive regulation of vascular endothelial growth factor production///positive regulation of vascular endothelial growth factor production///positive regulation of vascular endothelial growth factor receptor signaling pathway///protein kinase B signaling///purine nucleobase metabolic process///regulation of I-kappaB kinase/NF-kappaB signaling///regulation of establishment of endothelial barrier///regulation of insulin secretion///regulation of nitric-oxide synthase activity///response to ATP///response to L-ascorbic acid///response to dexamethasone///response to diuretic///response to estradiol///response to ethanol///response to gamma radiation///response to heat///response to hypoxia///response to morphine///response to ozone///response to peptide hormone///response to statin///response to stilbenoid///response to vitamin D///sequestering of triglyceride///signal transduction///smooth muscle adaptation///social behavior///wound healing",cytokine activity///cytokine activity///interleukin-1 receptor binding///interleukin-1 receptor binding///protein domain specific binding
201631_PM_s_at,-0.04918585488778759,0.04918585488778759,immediate early response 3,IER3,8870,anatomical structure morphogenesis///apoptotic process///negative regulation of apoptotic process///regulation of phosphatidylinositol 3-kinase signaling///regulation of response to DNA damage stimulus,protein binding
214211_PM_at,-0.04906247458521202,0.04906247458521202,ferritin heavy chain 1,FTH1,2495,cellular iron ion homeostasis///immune response///intracellular sequestering of iron ion///iron ion transport///negative regulation of cell proliferation///negative regulation of fibroblast proliferation///oxidation-reduction process,ferric iron binding///ferroxidase activity///iron ion binding///protein binding
223887_PM_at,-0.04889835210590475,0.04889835210590475,G protein-coupled receptor 132,GPR132,29933,G-protein coupled receptor signaling pathway///G1/S transition of mitotic cell cycle///negative regulation of G2/M transition of mitotic cell cycle,G-protein coupled receptor activity
36564_PM_at,-0.04882990147422284,0.04882990147422284,ring finger protein 19B,RNF19B,127544,adaptive immune response///positive regulation of proteasomal ubiquitin-dependent protein catabolic process///protein polyubiquitination///protein polyubiquitination///protein ubiquitination involved in ubiquitin-dependent protein catabolic process,ligase activity///protein binding///ubiquitin conjugating enzyme binding///ubiquitin protein ligase activity///ubiquitin-protein transferase activity///ubiquitin-protein transferase activity///zinc ion binding
215078_PM_at,-0.04872110322493654,0.04872110322493654,"superoxide dismutase 2, mitochondrial",SOD2,6648,age-dependent response to reactive oxygen species///negative regulation of cell proliferation///negative regulation of neuron apoptotic process///negative regulation of oxidative stress-induced intrinsic apoptotic signaling pathway///oxidation-reduction process///oxygen homeostasis///protein homotetramerization///regulation of blood pressure///regulation of transcription from RNA polymerase II promoter///release of cytochrome c from mitochondria///removal of superoxide radicals///response to reactive oxygen species///response to superoxide///superoxide metabolic process///vasodilation by acetylcholine involved in regulation of systemic arterial blood pressure,identical protein binding///manganese ion binding///manganese ion binding///superoxide dismutase activity///superoxide dismutase activity
221477_PM_s_at,-0.04869498570382168,0.04869498570382168,"superoxide dismutase 2, mitochondrial",SOD2,6648,age-dependent response to reactive oxygen species///negative regulation of cell proliferation///negative regulation of neuron apoptotic process///negative regulation of oxidative stress-induced intrinsic apoptotic signaling pathway///oxidation-reduction process///oxygen homeostasis///protein homotetramerization///regulation of blood pressure///regulation of transcription from RNA polymerase II promoter///release of cytochrome c from mitochondria///removal of superoxide radicals///response to reactive oxygen species///response to superoxide///superoxide metabolic process///vasodilation by acetylcholine involved in regulation of systemic arterial blood pressure,identical protein binding///manganese ion binding///manganese ion binding///superoxide dismutase activity///superoxide dismutase activity
1556072_PM_at,-0.04864458081923437,0.04864458081923437,long intergenic non-protein coding RNA 528,LINC00528,200298,,
225582_PM_at,-0.0486121004787844,0.0486121004787844,"inositol 1,4,5-trisphosphate receptor interacting protein",ITPRIP,85450,,
204958_PM_at,-0.04860251315923544,0.04860251315923544,polo like kinase 3,PLK3,1263,"DNA damage response, signal transduction by p53 class mediator resulting in cell cycle arrest///G1/S transition of mitotic cell cycle///G2/M transition of mitotic cell cycle///Golgi disassembly///apoptotic process///cellular response to DNA damage stimulus///cellular response to DNA damage stimulus///cytoplasmic microtubule organization///endomitotic cell cycle///mitotic G1/S transition checkpoint///mitotic cell cycle checkpoint///negative regulation of apoptotic process///negative regulation of transcription from RNA polymerase II promoter///positive regulation of intracellular protein transport///positive regulation of proteasomal ubiquitin-dependent protein catabolic process involved in cellular response to hypoxia///protein kinase B signaling///protein phosphorylation///regulation of cell division///regulation of cytokinesis///regulation of cytokinesis///regulation of signal transduction by p53 class mediator///response to osmotic stress///response to radiation///response to reactive oxygen species",ATP binding///p53 binding///protein binding///protein serine/threonine kinase activity///protein serine/threonine kinase activity
201502_PM_s_at,-0.04860234070863356,0.04860234070863356,NFKB inhibitor alpha,NFKBIA,4792,"Fc-epsilon receptor signaling pathway///T cell receptor signaling pathway///apoptotic process///cellular response to cold///cellular response to cytokine stimulus///cellular response to organic cyclic compound///cytoplasmic sequestering of NF-kappaB///cytoplasmic sequestering of transcription factor///lipopolysaccharide-mediated signaling pathway///negative regulation of DNA binding///negative regulation of NF-kappaB transcription factor activity///negative regulation of Notch signaling pathway///negative regulation of apoptotic process///negative regulation of lipid storage///negative regulation of macrophage derived foam cell differentiation///negative regulation of myeloid cell differentiation///nucleotide-binding oligomerization domain containing 1 signaling pathway///nucleotide-binding oligomerization domain containing 2 signaling pathway///positive regulation of NF-kappaB transcription factor activity///positive regulation of cellular protein metabolic process///positive regulation of cholesterol efflux///positive regulation of transcription from RNA polymerase II promoter///positive regulation of transcription from RNA polymerase II promoter///protein import into nucleus, translocation///regulation of NF-kappaB import into nucleus///regulation of cell proliferation///response to exogenous dsRNA///response to muramyl dipeptide///response to muscle stretch///stimulatory C-type lectin receptor signaling pathway///toll-like receptor 4 signaling pathway///viral process",NF-kappaB binding///NF-kappaB binding///enzyme binding///heat shock protein binding///identical protein binding///nuclear localization sequence binding///protein binding///protein complex binding///transcription factor binding///ubiquitin protein ligase binding
203045_PM_at,-0.04858620945314492,0.04858620945314492,ninjurin 1,NINJ1,4814,cell adhesion///hyaloid vascular plexus regression///nervous system development///positive regulation of cell-matrix adhesion///tissue regeneration,protein binding
209305_PM_s_at,-0.0482945150153908,0.0482945150153908,growth arrest and DNA damage inducible beta,GADD45B,4616,activation of MAPKK activity///activation of MAPKKK activity///apoptotic process///cell differentiation///multicellular organism development///negative regulation of protein kinase activity///positive regulation of JNK cascade///positive regulation of apoptotic process///positive regulation of p38MAPK cascade///regulation of cell cycle///response to stress,protein binding
205114_PM_s_at,-0.04828221477005366,0.04828221477005366,C-C motif chemokine ligand 3 like 3///C-C motif chemokine ligand 3 like 1///C-C motif chemokine ligand 3,CCL3L3///CCL3L1///CCL3,414062///6349///6348,G-protein coupled receptor signaling pathway///cellular response to interferon-gamma///cellular response to interleukin-1///cellular response to tumor necrosis factor///chemokine-mediated signaling pathway///inflammatory response///inflammatory response///lymphocyte chemotaxis///monocyte chemotaxis///negative regulation of cell proliferation///neutrophil chemotaxis///positive regulation of ERK1 and ERK2 cascade///positive regulation of GTPase activity///positive regulation of inflammatory response///G-protein coupled receptor signaling pathway///cellular response to interferon-gamma///cellular response to interleukin-1///cellular response to tumor necrosis factor///chemokine-mediated signaling pathway///inflammatory response///inflammatory response///lymphocyte chemotaxis///monocyte chemotaxis///negative regulation of cell proliferation///neutrophil chemotaxis///positive regulation of ERK1 and ERK2 cascade///positive regulation of GTPase activity///positive regulation of inflammatory response///G-protein coupled receptor signaling pathway///MAPK cascade///MAPK cascade///T cell chemotaxis///astrocyte cell migration///behavior///calcium ion transport///calcium-mediated signaling///cell activation///cell-cell signaling///cellular calcium ion homeostasis///cellular response to interferon-gamma///cellular response to interleukin-1///cellular response to organic cyclic compound///cellular response to tumor necrosis factor///chemokine-mediated signaling pathway///chemotaxis///cytoskeleton organization///eosinophil chemotaxis///eosinophil degranulation///exocytosis///granulocyte chemotaxis///inflammatory response///lipopolysaccharide-mediated signaling pathway///lymphocyte chemotaxis///macrophage chemotaxis///monocyte chemotaxis///monocyte chemotaxis///negative regulation by host of viral transcription///negative regulation of bone mineralization///negative regulation of gene expression///negative regulation of osteoclast differentiation///neutrophil chemotaxis///osteoblast differentiation///positive chemotaxis///positive regulation of ERK1 and ERK2 cascade///positive regulation of GTPase activity///positive regulation of calcium ion import///positive regulation of calcium ion transport///positive regulation of calcium-mediated signaling///positive regulation of cell migration///positive regulation of gene expression///positive regulation of inflammatory response///positive regulation of inflammatory response///positive regulation of interleukin-1 beta secretion///positive regulation of natural killer cell chemotaxis///positive regulation of neuron apoptotic process///positive regulation of protein kinase B signaling///positive regulation of tumor necrosis factor production///protein kinase B signaling///regulation of cell shape///regulation of sensory perception of pain///release of sequestered calcium ion into cytosol by sarcoplasmic reticulum///response to cholesterol///response to toxic substance///signaling,CCR chemokine receptor binding///chemokine activity///CCR chemokine receptor binding///chemokine activity///CCR1 chemokine receptor binding///CCR5 chemokine receptor binding///calcium-dependent protein kinase C activity///chemoattractant activity///chemokine activity///identical protein binding///kinase activity///phospholipase activator activity///protein binding///protein kinase activity
230052_PM_s_at,-0.0482350902831355,0.0482350902831355,NFKB inhibitor delta,NFKBID,84807,inflammatory response///negative regulation of I-kappaB kinase/NF-kappaB signaling///negative regulation of NF-kappaB transcription factor activity///negative regulation of T cell differentiation in thymus///positive regulation of thymocyte apoptotic process///regulation of transcription from RNA polymerase II promoter,NF-kappaB binding///protein binding///transcription cofactor activity
203471_PM_s_at,-0.04814545035700906,0.04814545035700906,pleckstrin,PLEK,5341,actin cytoskeleton reorganization///cell projection organization///cortical actin cytoskeleton organization///hematopoietic progenitor cell differentiation///integrin-mediated signaling pathway///negative regulation of G-protein coupled receptor protein signaling pathway///negative regulation of calcium-mediated signaling///negative regulation of inositol phosphate biosynthetic process///phosphatidylinositol metabolic process///phospholipase C-inhibiting G-protein coupled receptor signaling pathway///platelet aggregation///platelet aggregation///platelet degranulation///platelet degranulation///positive regulation of actin filament bundle assembly///positive regulation of actin filament depolymerization///positive regulation of inositol-polyphosphate 5-phosphatase activity///positive regulation of integrin activation///positive regulation of platelet activation///protein kinase C signaling///protein secretion by platelet///regulation of cell diameter///ruffle organization///thrombin receptor signaling pathway///vesicle docking involved in exocytosis,"phosphatidylinositol-3,4-bisphosphate binding///protein binding///protein homodimerization activity///protein kinase C binding"
215223_PM_s_at,-0.04814408057425218,0.04814408057425218,"superoxide dismutase 2, mitochondrial",SOD2,6648,age-dependent response to reactive oxygen species///negative regulation of cell proliferation///negative regulation of neuron apoptotic process///negative regulation of oxidative stress-induced intrinsic apoptotic signaling pathway///oxidation-reduction process///oxygen homeostasis///protein homotetramerization///regulation of blood pressure///regulation of transcription from RNA polymerase II promoter///release of cytochrome c from mitochondria///removal of superoxide radicals///response to reactive oxygen species///response to superoxide///superoxide metabolic process///vasodilation by acetylcholine involved in regulation of systemic arterial blood pressure,identical protein binding///manganese ion binding///manganese ion binding///superoxide dismutase activity///superoxide dismutase activity
